cid,kappa,c_free_rel,c_lin_rel,c_qp_rel,qp_over_lin,c_dec_rel,lin_new_active,lin_crossings,lin_first_crossing_t,dec_P_rel_change,dec_new_active,dec_P_lost,enc_dec_cos,n_active,near_kink_protected,qp_n_binding,qp_rounds,max_dec_cos,neighbor_density_03,log_density,dC_dec_proj,dC_dec,dC_diffmean
emotion:0,1.0592286811417688,0.1455714542284739,0.1528613508292438,0.1553425509343957,1.0122087376666733,0.3606478477717237,23.5,23.5,0.0525277842086611,0.1990823229421334,20.5,11.5,0.5357195695617993,47.5,1.0,17.5,2.0,0.5175233483314514,55.23344421386719,-2.8311171531677246,0.037744596777884,0.02947103527215707,0.2244003760021466
emotion:1,1.088297218596562,0.1054855822090713,0.1117644012541392,0.1124592639762321,1.0124477595583246,0.2082403046042443,19.0,19.0,0.0783663022625935,0.1632781447014799,22.5,9.0,0.6167154862818394,47.5,1.0,15.5,2.0,0.4598481059074402,126.71005249023438,-2.128605604171753,0.11991728806484996,0.039283461606828496,0.1911851334837896
emotion:2,1.0886950424791113,0.1246700280130109,0.1381243313002843,0.1419973888263263,1.019885849369277,0.25239031519845,30.0,30.0,0.056551622307295,0.1557991319429458,19.5,9.5,0.5779532798077617,47.5,1.0,23.0,2.0,0.47432148456573486,26.440895080566406,-2.6088690757751465,0.09980512008496589,0.0067616717069540755,0.04032228351146235
emotion:3,1.073932503086677,0.1361202940729659,0.1473826992109775,0.1506347144033001,1.0144942310086988,0.2987481975736025,21.5,21.5,0.0613815413719502,0.2306094547141577,34.0,10.0,0.5247038304482947,47.5,1.0,17.5,2.0,0.5477128028869629,230.84523010253906,-2.8052029609680176,0.4439371186338879,0.4994038213959963,0.36628699796953396
emotion:4,1.0673437943397504,0.1901082899055407,0.2054806477927316,0.2113380931068327,1.025724487358302,0.6443295718691511,67.0,67.0,0.0397124313606149,0.3658594635301609,115.5,17.0,0.4931927456959664,47.5,1.0,36.5,3.0,0.5108747482299805,36.800193786621094,-2.8260087966918945,0.09330451564892428,0.07348519123843289,0.20661386622396094
emotion:5,1.0797130854461368,0.1469057239385053,0.1590982921121144,0.1615526821563518,1.017897102016225,0.3640617104921931,37.0,37.0,0.0499152285929283,0.2441559789207748,17.0,17.0,0.4973343004117617,47.5,1.0,24.5,2.0,0.5964199304580688,26.14850616455078,-2.9491207599639893,0.06732474656928389,0.09400274426025135,0.030385279872158815
entity:0,1.0931723163735882,0.1185196720684975,0.1311089585505685,0.1339091084164613,1.021086521458774,0.3066035063991018,25.0,25.0,0.0597099327020942,0.2248759893378348,49.5,10.5,0.5969249505442594,47.5,1.0,19.5,3.0,0.4738937318325043,31.72978973388672,-2.253319025039673,0.4046185408128243,0.428506918896763,0.3530361279312804
entity:11,1.0703984710014725,0.1806981880149514,0.1923573901594501,0.1954899547683768,1.0242187528539848,0.5301451485710221,55.0,55.0,0.0398629587013874,0.3005168953625114,39.5,14.0,0.5362327528765441,47.5,1.0,31.0,3.0,0.5808379054069519,25.76314353942871,-2.698025703430176,0.6954896918158321,0.7629665172552791,0.3455074518686274
entity:12,1.0730043874908926,0.1920796457305885,0.2076056471505925,0.2154361847124663,1.0302383558724864,0.5674006927021594,64.0,64.0,0.0294532441310798,0.3405935740721968,158.0,15.0,0.5492745002964475,47.5,1.0,37.0,3.0,0.6035203337669373,42.59050750732422,-2.6469359397888184,0.4348008970953667,0.4241553794373658,0.2771415901602647
entity:13,1.0854097956321616,0.1657750717730247,0.1793357715015994,0.1828987550235067,1.0264996797693509,0.5952015038934297,46.0,46.0,0.0451022276632145,0.5704417442930279,347.5,12.0,0.5447186594496852,47.5,1.0,31.0,3.0,0.524323046207428,132.45201110839844,-2.2106032371520996,0.6059617941338805,0.583070106081171,0.29458082212102
entity:2,1.1033846061078156,0.1268887295658277,0.1381220521174945,0.1432114670129069,1.027926887402778,0.252559948246352,27.5,27.5,0.0449561535387548,0.2385897247898792,49.0,9.0,0.5994679340282161,47.5,1.0,20.0,3.0,0.5669419169425964,59.60388946533203,-2.220689058303833,0.10973217450926616,0.06231716643232706,0.2528298973110547
entity:4,1.107682276543417,0.1145053463237729,0.1259473311579328,0.1284414334641215,1.0308730073137051,0.2376874837982148,23.5,23.5,0.0505828441617916,0.2257252834247084,24.0,10.5,0.5959679402461796,47.5,1.0,19.0,3.0,0.5709238052368164,196.99307250976562,-1.9349392652511597,0.05858667754652439,0.1555784933015237,0.4246183676923086
entity:6,1.090501877145213,0.1130388817084741,0.1240401724595352,0.1255549349817941,1.018784432635416,0.2233586626420063,19.0,19.0,0.0688585802604433,0.2064391093013729,45.0,6.5,0.6441966227185023,47.5,1.0,14.0,2.0,0.48639774322509766,174.0232391357422,-2.1292033195495605,0.5214518433309365,0.4831204398603954,0.3227433188525974
entity:8,1.0765404635457203,0.1995071961125693,0.2141591039065339,0.2187403817884339,1.0234337847966164,0.5763506722020679,51.5,51.5,0.0458480185573133,0.4069636027357355,79.0,21.0,0.5113746638042727,47.5,1.0,34.0,3.0,0.5684767961502075,45.73309326171875,-2.8660526275634766,0.2284548489116863,0.11687765050445857,0.020616418798454106
topic:0,1.088895539298006,0.1102844685201565,0.1234616768798232,0.1286610071147753,1.0267347607240582,0.2261489623856097,20.0,20.0,0.0453734444519557,0.2572272308229222,92.0,6.0,0.6689714190604217,47.5,1.0,15.0,3.0,0.5273797512054443,199.7764434814453,-2.2775745391845703,0.12383278289113757,0.07947799343067648,0.2902956521381081
topic:1,1.1054495203734516,0.1150086261525593,0.1294387595891839,0.1330755949614665,1.0265810944071925,0.2172483172961424,22.0,22.0,0.0616179933207195,0.1786736043292149,30.5,10.0,0.6335094204067413,47.5,1.0,17.0,3.0,0.47208869457244873,228.0215301513672,-2.4327917098999023,0.6350067142951351,0.6748496401736096,0.3996096671429162
topic:2,1.0898392123259495,0.1132364526073139,0.121471251872039,0.124396682977695,1.022882398326047,0.1783749298767736,20.0,20.0,0.0486778673997683,0.1367349341845467,18.0,9.5,0.7354656202564341,47.5,1.0,15.0,2.0,0.43036162853240967,16.84136199951172,-2.291433095932007,0.17009141557931193,0.3187927966667606,0.6216030927495618
topic:3,1.1154347121385533,0.0940367623623561,0.1044734049234338,0.1063299062400879,1.029778518423928,0.1555132299026213,19.0,19.0,0.0864816859032977,0.1412268245169186,27.5,5.0,0.6989109675918047,47.5,1.0,14.5,2.0,0.4484804570674896,66.44000244140625,-2.2047619819641113,0.3240280440052932,0.3909563663728477,0.07164184604334878
topic:4,1.1446250078638998,0.1224292367392206,0.1435452010031446,0.1491606350167505,1.0321412631406193,0.3742480891943879,29.5,29.5,0.059777544864949,0.3916418457323943,224.0,10.0,0.6285970442643576,47.5,1.0,21.0,3.0,0.5613179802894592,309.4872131347656,-1.8930633068084717,0.7273556745382544,0.6729557903863679,0.5488091194899122
topic:5,1.0984080376856655,0.1387723959063806,0.1544050147395859,0.1586316545243872,1.028359092252628,0.4135121375440955,31.0,31.0,0.0492810726426384,0.3246042090126585,104.5,11.0,0.6031975216311862,47.5,1.0,22.0,3.0,0.4614748954772949,28.58854866027832,-2.1363415718078613,0.8673337351677523,0.815851962953578,0.754617975438426
topic:6,1.0878342205186535,0.1580819451980454,0.171584145630877,0.174574890998216,1.017514979192128,0.3665664659987375,34.5,34.5,0.0415102414622124,0.2358081286247638,38.5,12.5,0.5068911091413777,47.5,1.0,24.5,2.0,0.5867558717727661,109.97996520996094,-2.500917434692383,0.32179388084417343,0.33741439623008773,0.12314117113116178
topic:7,1.0853917954897645,0.1155781971561052,0.1242559750099028,0.1260771548915577,1.0184894506163038,0.2536461571085234,20.5,20.5,0.0739342442709478,0.2479761399062508,59.0,7.0,0.5784760252701691,47.5,1.0,16.0,2.0,0.5102249383926392,117.5201644897461,-2.0809078216552734,0.7228612416159498,0.7311616620172572,0.28790261070874595
topic:8,1.0888567068067991,0.127279340003257,0.1445671429884811,0.1484739945974052,1.0231684618859274,0.3200250186537161,24.5,24.5,0.0405075503145448,0.3398843857084499,108.5,10.5,0.6313735770309403,47.5,1.0,18.0,3.0,0.564208447933197,246.15919494628906,-2.3024134635925293,0.08488424816793365,0.07763172994176178,0.0926367990896324
topic:9,1.073149050563747,0.1300900063929703,0.1401004261799379,0.1427885097104356,1.0231156507247896,0.2448980762839609,20.5,20.5,0.0462834384922883,0.2789261321654375,81.0,6.0,0.6435320124980428,47.0,1.0,15.0,3.0,0.6291022896766663,303.170654296875,-2.1065711975097656,0.24527492409166976,0.18783923243548392,0.37671149788851227
