cid,kappa,c_free_rel,c_lin_rel,c_dec_rel,lin_new_active,dec_P_rel_change,dec_new_active,dec_P_lost,enc_dec_cos,n_active,lin_T_err_rel,lin_P_rel_change,lin_P_lost,gn_c,gn_pre_residual_rel,gn_P_lost,gn_new_active
emotion:0,1.018224623430967,0.09048771082043167,0.09223054086952108,0.11416015872618944,2.0,0.08751838933636769,2.0,3.0,0.7919929422559631,32.0,0.004365884899506267,0.06990243922267167,3.0,7.459852742899782,6.169155164912711e-11,2.0,1.0
emotion:1,1.0175960696085506,0.10699238300481562,0.10883117271992332,0.1286865238611633,2.0,0.08859399241548166,2.0,3.0,0.8314966920258848,32.0,0.0067098860078497495,0.07055133522592563,3.0,8.709505197589479,2.1077574394726203e-10,2.0,1.0
emotion:2,1.0165633086359116,0.14374757053171777,0.1459034490718233,0.2504516631433011,3.0,0.15103288221361474,4.0,5.0,0.5996753524650424,32.0,0.016654661533288012,0.0887570645352466,4.0,11.531585563611323,1.6780480288382816e-09,4.0,3.0
emotion:3,1.0165373243754612,0.14006210949653491,0.1423965259388131,0.23323974389368118,3.0,0.14672228605437634,4.0,5.0,0.6170962948453136,32.0,0.016406516023130008,0.08214955959638451,4.0,11.632112298128158,7.664895853143191e-10,3.5,2.5
emotion:4,1.0192561873402686,0.1425813445336664,0.14505178032000904,0.261755356106811,3.0,0.14642658259609048,4.0,5.0,0.5748410036599678,32.0,0.016320323811200695,0.09426316974119436,4.0,11.825539565302508,7.451897438972872e-10,4.0,3.0
emotion:5,1.0247855919973936,0.1417581105887587,0.1458404201900891,0.23522339106961743,3.0,0.13960355474444658,5.0,6.0,0.6169219743049709,32.0,0.011927382993034266,0.08638230603312633,4.0,11.706174698492235,9.488037511336145e-10,4.0,3.0
entity:0,1.0289240733862024,0.08456147576655504,0.08675914982764919,0.10676574838676553,2.5,0.10376534428649806,3.0,4.0,0.7963703182272308,32.0,0.005790097614313703,0.08380775907930668,3.5,6.743396836907054,3.8682197670346164e-11,3.5,2.5
entity:1,1.0262339920682797,0.15286539183115255,0.1583718743363084,0.27362060580206593,3.0,0.17329365195100732,5.5,6.5,0.5834238643962044,32.0,0.01709888710846436,0.0896367358177599,4.0,13.30131637945308,1.707456731115522e-09,4.0,3.0
entity:10,1.0242075422886439,0.0905044892112325,0.09270025081688882,0.12187499944237815,2.0,0.09151897369749326,3.0,4.0,0.7452719118045199,32.0,0.005999772656317963,0.07865785557101858,3.0,7.17460869289204,4.772055735274273e-11,3.0,2.0
entity:11,1.0173759309631367,0.10846610065874784,0.11034852233433534,0.1295227059916999,2.0,0.0889701763470778,2.0,3.0,0.8387766430954262,32.0,0.006813205672511631,0.07229699468361492,3.0,8.22271790891044,1.7898834923625332e-10,3.0,2.0
entity:12,1.020807653032276,0.1964633821112462,0.20069523994974775,0.3417358402477504,4.5,0.20469368254494447,7.0,8.0,0.6081517380936123,32.0,0.02530741482057721,0.1084415711755343,5.5,16.6686220107,1.2883747087877086e-08,5.5,4.5
entity:13,1.0222359081708454,0.23320222019800774,0.23605780783698543,0.4320434240893519,8.0,0.2625171496052705,9.0,10.0,0.5963945446983121,32.0,0.038582553356815846,0.14006403993248356,9.0,18.949268610059043,4.505355775277618e-08,9.0,8.0
entity:2,1.0210475237851928,0.15727432110044298,0.16083758133180326,0.26546631606827287,3.0,0.1544465936009537,5.0,6.0,0.6202324122049117,32.0,0.020949098726724305,0.08816649424750911,4.0,12.43974528908225,2.462858894646047e-09,3.5,2.5
entity:3,1.0180322751350177,0.11558479384503642,0.11730482220560151,0.14890136210016608,2.0,0.09801150972557965,3.0,4.0,0.7788831533565037,32.0,0.009002910288287393,0.0724820597310604,3.0,9.566266771584218,2.735161637953846e-10,3.0,2.0
entity:4,1.0214566978528252,0.0962773075088179,0.09881854382571692,0.11823425605124001,2.0,0.08277816189099033,2.0,3.0,0.8198148969091966,32.0,0.006918492707727916,0.06552650863778743,3.0,7.5703327489443915,8.94462740738439e-11,3.0,2.0
entity:5,1.0267164533925004,0.09626107419323883,0.09937609771113756,0.12076415749926583,3.0,0.11105629200204417,4.0,5.0,0.8010751987366131,32.0,0.005923208491179468,0.08247954702591151,4.0,7.799893084016453,1.206450202204448e-10,4.0,3.0
entity:6,1.0254248513059205,0.09122614980363536,0.0936866682414187,0.12286376847724557,3.0,0.10618939005828873,4.0,5.0,0.7459284028440757,32.0,0.005273764357889264,0.0838770655046217,4.0,7.55943799873845,7.760504541179017e-11,4.0,3.0
entity:7,1.0201644439666473,0.1124264920856515,0.11537750587700421,0.14864501936829977,2.0,0.10641971366299788,3.0,4.0,0.7619401987933859,32.0,0.008775421926178589,0.08312636268046925,3.0,9.137052146106079,2.730874160888265e-10,3.0,2.0
entity:8,1.01837994763221,0.1355533039488246,0.13982263872542172,0.22167969796978504,4.0,0.14364521449424078,4.0,5.0,0.6301775614200037,32.0,0.015944358895151133,0.09059963513722213,5.0,10.892905422376064,5.359299502002962e-10,4.0,3.0
entity:9,1.0242075422886439,0.0905044892112325,0.09270025081688882,0.12187499944237815,2.0,0.09151897369749326,3.0,4.0,0.7452719118045199,32.0,0.005999772656317963,0.07865785557101858,3.0,7.17460869289204,4.772055735274273e-11,3.0,2.0
topic:0,1.0324351453868092,0.07730233435561679,0.0790294803221392,0.10242920270146351,2.0,0.08767141324417765,2.5,3.5,0.7573212237222984,32.0,0.0031537527983799274,0.0808370144716006,3.0,6.108945713562018,1.648442707538636e-11,3.0,2.0
topic:1,1.0268509534389447,0.114179911806408,0.11811112981336366,0.14268799047522973,3.0,0.10927858219612069,3.0,4.0,0.8028591917323805,32.0,0.007650927950835065,0.08843170867207281,4.0,9.523513492160724,3.5578832928151627e-10,4.0,3.0
topic:2,1.025729105459161,0.08194146213264558,0.08411580206060232,0.10183105958372529,2.0,0.09671808210249808,2.0,3.0,0.80645649949287,32.0,0.003469457111295858,0.07887802546626053,3.0,6.47281232783517,2.540432381991176e-11,3.0,2.0
topic:3,1.0296794238033735,0.0831440353338887,0.08549155462531087,0.10917358404799077,2.0,0.0961937223928591,3.0,4.0,0.7684494634920478,32.0,0.006489401798739332,0.07844520983772135,3.0,7.033850529783706,3.730598569559089e-11,3.0,2.0
topic:4,1.015499981941817,0.11426443190480684,0.11601461774926601,0.15265502949417917,2.0,0.1060501822440222,3.0,4.0,0.7576125981352272,32.0,0.010311411919812292,0.07293737616201285,3.0,9.253684555169091,4.4653558547788806e-10,3.0,2.0
topic:5,1.0180322751350177,0.11558479384503642,0.11730482220560151,0.14890136210016608,2.0,0.09801150972557965,3.0,4.0,0.7788831533565037,32.0,0.009002910288287393,0.0724820597310604,3.0,9.566266771584218,2.735161637953846e-10,3.0,2.0
topic:6,1.0161791366355075,0.14553741703833578,0.1487395659308985,0.20465697775233965,3.0,0.12231581992745372,3.0,4.0,0.7114000970345224,32.0,0.01150359407793899,0.0803529814369332,4.0,12.192090936091997,1.2772505171453562e-09,3.0,2.0
topic:7,1.0173759309631367,0.10846610065874784,0.11034852233433534,0.1295227059916999,2.0,0.0889701763470778,2.0,3.0,0.8387766430954262,32.0,0.006813205672511631,0.07229699468361492,3.0,8.22271790891044,1.7898834923625332e-10,3.0,2.0
topic:8,1.038997769186345,0.10930647026756696,0.11386380374463673,0.13809814526873737,4.0,0.13776806046832768,4.0,5.0,0.7883977457812338,32.0,0.004344674971072452,0.09032598300238545,5.0,8.831047573303245,3.114209850810698e-10,4.0,3.0
topic:9,1.0374072327272104,0.0917904682329122,0.09429838550974257,0.11137084786946778,3.0,0.11774105876017679,3.0,4.0,0.8259837054332385,32.0,0.004973090563244652,0.08474926455718942,4.0,7.826124585281349,8.95114185278995e-11,4.0,3.0
