cid,kappa,c_free_rel,c_lin_rel,c_qp_rel,qp_over_lin,c_dec_rel,lin_new_active,lin_crossings,lin_first_crossing_t,dec_P_rel_change,dec_new_active,dec_P_lost,enc_dec_cos,n_active,near_kink_protected,qp_n_binding,qp_rounds
emotion:0,1.2781834504363339,0.052070243237643754,0.06677105010459482,0.07224837654290248,1.0752830787393304,0.1877917967672535,86.5,86.5,0.0323477852793568,0.2563717031434359,18.0,12.0,0.3109931513732367,57.0,1.0,38.0,3.0
emotion:1,1.260037546117935,0.0637363418460786,0.07883619587348978,0.08606899377119653,1.0859814267623111,0.18691686456018566,104.0,104.0,0.029224077079545795,0.2707195054331867,28.5,11.0,0.35645673989358706,57.0,1.0,40.0,3.0
emotion:2,1.2811966245876705,0.048762347735972586,0.06069020531870947,0.06647470981598945,1.0718380821790512,0.18231556913105218,50.5,50.5,0.0300453967325948,0.2666863923431145,21.0,12.0,0.31127936765234365,57.0,1.0,32.5,3.0
emotion:3,1.340700092921801,0.05649105489020844,0.07546219066593836,0.0822333275313536,1.0877866833801266,0.2565308157226508,114.0,114.0,0.027969868817232048,0.30772392856745373,74.5,11.0,0.28896735932595796,57.0,1.0,45.5,3.0
emotion:4,1.3089514820649772,0.05518907018402975,0.073337244404416,0.08116344940359096,1.1094706488896697,0.19765689792709812,100.0,100.0,0.027445420431132,0.28883582082646253,44.0,10.0,0.317061174474706,57.0,1.0,40.0,3.0
emotion:5,1.3432913025633884,0.05034677798113958,0.06821244427739931,0.07261812582579459,1.0757447542950667,0.17730482045529633,81.5,81.5,0.03791568725167167,0.2449135044053281,26.5,10.0,0.33684136061996356,57.0,1.0,36.0,3.0
entity:0,1.3613793191075616,0.04491152921622356,0.06171916532267291,0.06791046348769691,1.085372040058415,0.22580492457522877,65.0,65.0,0.030257923846773588,0.30565216028675396,31.0,14.0,0.27931296287869856,57.0,1.0,34.5,3.0
entity:1,1.2102647458735873,0.058232969510798496,0.0706321308101021,0.07566744562991905,1.0519041367001578,0.18580107694087955,47.5,47.5,0.027928670621550338,0.269834395426537,21.5,10.0,0.3599699974619196,57.0,1.0,29.0,3.0
entity:10,1.3540299117372538,0.050745751162538495,0.0684701820192667,0.0734183291592696,1.0943635714379423,0.2553320350745615,78.5,78.5,0.022804520007489476,0.2956445546215033,32.0,12.0,0.2780300507618107,57.0,1.0,35.0,3.0
entity:11,1.2084683689371132,0.04885609302301253,0.05977036877155915,0.06306555161253133,1.047925214662037,0.20994124077285253,40.0,40.0,0.03208209939503956,0.2651696187878204,20.0,11.0,0.2683928326104486,57.0,1.0,24.5,3.0
entity:12,1.2492758160200126,0.06769857788957037,0.08359089374888856,0.09148980288977664,1.0882569009146215,0.20403217325256987,120.0,120.0,0.02022788003145133,0.2825572397899866,36.0,11.0,0.3701756383056078,57.0,1.0,42.0,3.0
entity:13,1.3357912321324323,0.06183676200543156,0.08433807963844309,0.09458350911617186,1.1233944021137157,0.3399451448378047,161.0,161.0,0.015890431491314014,0.37827324363126263,109.0,13.0,0.292115575609447,57.0,1.0,51.0,4.0
entity:2,1.1724087433542065,0.09220217646177761,0.11034470140741973,0.11587504994872139,1.0648379419904823,0.5619457057833029,121.0,121.0,0.021807173071026566,0.5471705788889161,230.5,25.0,0.31253810099308066,57.0,1.0,50.0,3.0
entity:3,1.2735883597662507,0.08553343226414908,0.1073754709138121,0.1178199767098839,1.09427736551465,0.33649618341259846,235.0,235.0,0.02036563185679517,0.42689278967797406,64.0,21.5,0.3105174173547014,57.0,1.0,57.0,4.0
entity:4,1.2769626020719183,0.06513037097427378,0.08268178270675498,0.08828190159937443,1.0631061345884225,0.22040146305764535,81.5,81.5,0.023945529251527264,0.25535191533111656,25.0,11.0,0.3556590090449724,57.0,1.0,38.5,3.0
entity:5,1.2534077765069425,0.05097918462064027,0.06362704915154069,0.06994491119239657,1.0760386701204596,0.18471241868800364,48.5,48.5,0.026684374837647816,0.2813813372669525,22.0,13.0,0.27627344685683664,57.0,1.0,29.0,3.0
entity:6,1.282017306579882,0.038622176534268186,0.049382852680728055,0.05389250777082408,1.1053090905583913,0.18648065944834444,44.5,44.5,0.04592548757977276,0.2674088069104005,22.5,12.0,0.25309441000549093,57.0,1.0,27.5,3.0
entity:7,1.2735964497388212,0.06334283639222724,0.08041529067503059,0.08867647046635826,1.0951753968913196,0.23902127362981293,117.0,117.0,0.021389833341902947,0.3327067200168291,44.0,15.0,0.32216313823857173,57.0,1.0,44.0,4.0
entity:8,1.236855945381261,0.05358740797423639,0.06674919295203627,0.07051034757262091,1.0627248575255277,0.17352798754476034,54.0,54.0,0.028609077831026872,0.27432238004069154,13.5,13.0,0.32850134238284867,57.0,1.0,27.5,3.0
entity:9,1.2988955197606222,0.05207363632065788,0.06672916926529361,0.07180833580941082,1.074876882600334,0.22270598868867164,74.0,74.0,0.028555782558753944,0.31360899724420765,31.0,14.0,0.26507559278185283,57.0,1.0,33.5,3.0
topic:0,1.429570813048083,0.04795290819014682,0.06867881098005961,0.07655621657754388,1.1223601129237848,0.20927378990159148,131.5,131.5,0.022401624994409237,0.29992249647929753,33.0,13.0,0.26932352249599073,57.0,1.0,47.5,4.0
topic:1,1.2772747542196452,0.05618627068101599,0.0708647352180247,0.07589194463158844,1.0785385062253265,0.2289407026784108,77.5,77.5,0.02993668803596361,0.28947187649372735,20.0,15.0,0.328531889652465,57.0,1.0,37.0,3.0
topic:2,1.3230289536074666,0.04474790714120866,0.05976847207498207,0.06745404883830226,1.114232257260522,0.2250189779055721,52.5,52.5,0.03217341626043117,0.2510328909393096,15.5,11.0,0.2560576496645829,57.0,1.0,30.0,3.0
topic:3,1.3089025315029073,0.038688777374454225,0.05047980291436682,0.05507918495914359,1.0818119619552817,0.2114453574263483,38.0,38.0,0.04949617740206669,0.25502868303198445,16.0,10.5,0.24076227359853866,57.0,1.0,25.0,3.0
topic:4,1.31443627053641,0.050023796313207844,0.06440555150198239,0.07063849222332103,1.1008218919788024,0.20032791706417657,56.5,56.5,0.02400647015802808,0.26601993210427954,12.0,11.5,0.2830672171499164,57.0,1.0,30.0,3.0
topic:5,1.2512957542550134,0.058726113373994346,0.072889161333098,0.07990348151365893,1.104467571020816,0.20865617606355713,96.5,96.5,0.03404681708103833,0.2754453932060421,40.0,9.0,0.2992064755572464,57.0,1.0,41.0,3.0
topic:6,1.3512700447987516,0.03975293739950307,0.05461350224132064,0.06032489568642778,1.1250072246061826,0.17112554633766872,49.0,49.0,0.0441572052020846,0.2209411429225617,17.0,8.0,0.26486129965160626,57.0,1.0,28.0,3.0
topic:7,1.3157893112235017,0.04224716882424809,0.05571555378619152,0.05836295415865051,1.0616639238155012,0.18963265270142332,43.0,43.0,0.0300982857807365,0.26379980596120156,21.0,11.0,0.25015725915989695,57.0,1.0,28.0,3.0
topic:8,1.263457823764071,0.04626362779034664,0.05660215219131252,0.060352925076501925,1.0619049302621404,0.16105082179851615,45.0,45.0,0.03366500139651346,0.2408445041434015,15.0,10.0,0.31831503956437923,57.0,1.0,29.0,3.0
topic:9,1.3401344820149896,0.04984037388531374,0.06697802273534112,0.07644863896106481,1.1239669334076803,0.22265541921398752,105.5,105.5,0.028308421719308606,0.30494860410419844,34.5,13.0,0.2638273653532849,57.0,1.0,44.0,3.5
